time,1 AV,103 ST,103 ST CORONA,104 ST,110 ST,111 ST,116 ST,116 ST COLUMBIA,121 ST,125 ST,135 ST,137 ST CITY COL,14 ST,14 ST UNION SQ,145 ST,14TH STREET,15 ST PROSPECT,155 ST,157 ST,163 ST AMSTERDM,167 ST,169 ST,170 ST,174 175 ST,174 ST,175 ST,176 ST,18 AV,18 ST,181 ST,182 183 ST,183 ST,190 ST,191 ST,2 AV,20 AV,207 ST,21 ST,215 ST,219 ST,225 ST,23 ST,231 ST,233 ST,238 ST,25 AV,25 ST,28 ST,3 AV,33 ST,33 ST RAWSON ST,34 ST HERALD SQ,34 ST PENN STA,36 ST,40 ST LOWERY ST,42 ST BRYANT PK,45 ST,46 ST,46 ST BLISS ST,47 50 ST ROCK,5 AV 53 ST,5 AV 59 ST,50 ST,51 ST,55 ST,57 ST,57 ST 7 AV,59 ST,59 ST COLUMBUS,6 AV,61 ST WOODSIDE,63 DR REGO PARK,65 ST,66 ST LINCOLN,67 AV,7 AV,71 ST,72 ST,74 ST BRDWAY,75 AV,77 ST,79 ST,8 AV,81 ST MUSEUM,82 ST JACKSON H,86 ST,9 AV,90 ST ELMHURST,96 ST,9TH STREET,ALABAMA AV,ALLERTON AV,ATLANTIC AV,AV H,AV I,AV J,AV M,AV N,AV P,AV U,AV X,BAY 50 ST,BAY PKWY,BAY RIDGE AV,BAYCHESTER AV,BEACH 105 ST,BEACH 25 ST,BEACH 36 ST,BEACH 44 ST,BEACH 60 ST,BEACH 67 ST,BEACH 90 ST,BEACH 98 ST,BEDFORD AV,BEDFORD NOSTRAN,BERGEN ST,BEVERLEY RD,BEVERLY RD,BLEECKER ST,BOTANIC GARDEN,BOWERY,BOWLING GREEN,BRD CHANNEL,BRD ST,BRDWAY,BRIGHTON BEACH,BRONX PARK EAST,BROOK AV,BROOKLYN BRIDGE,BURKE AV,BURNSIDE AV,BUSHWICK AV,CANAL ST,CARROLL ST,CASTLE HILL AV,CENTRAL AV,CHAMBERS ST,CHAUNCEY ST,CHRISTOPHER ST,CHURCH AV,CITY   BUS,CITY HALL,CLARK ST,CLASSON AV,CLEVELAND ST,CLINTON WASH AV,CORTELYOU RD,CORTLANDT ST,COURT SQ,COURT SQ 23 ST,CRESCENT ST,CROWN HTS UTICA,CYPRESS AV,CYPRESS HILLS,DEKALB AV,DYCKMAN ST,E 149 ST,E 180 ST,EAST 105 ST,EAST BRDWAY,ELDER AV,ELMHURST AV,EUCLID AV,EXCHANGE PLACE,FAR ROCKAWAY,FLUSHING AV,FORDHAM RD,FOREST AV,FOREST HILLS 71,FRANKLIN AV,FRANKLIN ST,FREEMAN ST,FRESH POND RD,FT HAMILTON PKY,FULTON ST,GATES AV,GRAHAM AV,GRAND ARMY PLAZ,GRAND ST,GRANT AV,GREENPOINT AV,GROVE STREET,GUN HILL RD,HALSEY ST,HARRISON,HEWES ST,HIGH ST,HOUSTON ST,HOWARD BCH JFK,HOYT ST,HUNTERS PT AV,HUNTS POINT AV,INWOOD 207 ST,JACKSON AV,JAMAICA 179 ST,JAMAICA CENTER,JAY ST METROTEC,JEFFERSON ST,JOURNAL SQUARE,JUNCTION BLVD,KINGS HWY,KINGSBRIDGE RD,KINGSTON AV,KINGSTON THROOP,KNICKERBOCKER,KOSCIUSZKO ST,LACKAWANNA,LAFAYETTE AV,LIBERTY AV,LIVONIA AV,LONGWOOD AV,LORIMER ST,MARBLE HILL 225,MARCY AV,METROPOLITAN AV,METS WILLETS PT,MIDDLETOWN RD,MONTROSE AV,MORGAN AV,MORRIS PARK,MOSHOLU PKWY,MT EDEN AV,MYRTLE AV,MYRTLE WILLOUGH,NECK RD,NEPTUNE AV,NEREID AV,NEVINS ST,NEW LOTS AV,NEW UTRECHT AV,NEWARK BM BW,NEWARK C,NEWARK HM HE,NEWARK HW BMEBE,NEWKIRK AV,NEWKIRK PLAZA,NORTHERN BLVD,NORWOOD 205 ST,NORWOOD AV,NOSTRAND AV,OCEAN PKWY,PARK PLACE,PARKSIDE AV,PARSONS BLVD,PAVONIA NEWPORT,PELHAM BAY PARK,PELHAM PKWY,PRESIDENT ST,PROSPECT AV,PROSPECT PARK,QUEENS PLAZA,QUEENSBORO PLZ,RALPH AV,RECTOR ST,RIT MANHATTAN,ROCKAWAY AV,ROCKAWAY BLVD,SENECA AV,SHEEPSHEAD BAY,SHEPHERD AV,SIMPSON ST,SMITH 9 ST,SOUTH FERRY,SPRING ST,ST  GEORGE,ST LAWRENCE AV,STEINWAY ST,STERLING ST,SUTPHIN BLVD,SUTTER AV,THIRTY ST,THIRTY THIRD ST,TOMPKINSVILLE,TREMONT AV,TWENTY THIRD ST,UNION ST,UTICA AV,VERNON JACKSON,W 4 ST WASH SQ,W 8 ST AQUARIUM,WAKEFIELD 241,WALL ST,WESTCHESTER SQ,WHITLOCK AV,WINTHROP ST,WOODHAVEN BLVD,WORLD TRADE CTR,YORK ST
2015-04-05,129490,190241,120190,15557.0,68033,82812,206035,86657,13915.0,481689,120945,92896,240445,587381,216915,49446.0,36295.0,40478.0,64161,26143.0,114588,53735.0,96647,30317.0,44559.0,74707,35374.0,94516,46458.0,137054,29548.0,37115.0,27699.0,49568.0,96767,55214.0,37387.0,53890.0,13001.0,20877.0,27581.0,376529,47828,33517.0,18268.0,28684.0,22014.0,208461,36903.0,173275,70074.0,656055,958608,100686,60907,183271,42584.0,56649.0,81403,307256,143567,111805,258286,111333,11034.0,80415,155249,340830,390445,31323.0,96147,94109,23363.0,117102081,53659.0,55118.0,26446.0,283309,17567.0,21253.0,228210,139421,205688,90913,88792,632119,35431.0,98861,453120,28224.0,14568.0,34721.0,10372.0,16887.0,13411.0,33911.0,33488.0,19752.0,16516.0,79836,16652.0,16817.0,44801.0,48941.0,20655.0,1566.0,10494.0,5088.0,3549.0,14621.0,13377.0,4909.0,3198.0,161432,48631.0,89699,15567.0,25567.0,79945,10053.0,14255.0,173583,1740.0,32745.0,24369.0,71140,16626.0,37396.0,131225,21526.0,65075,11432.0,410254,66264,41818.0,20593.0,379155,18251.0,80485,224906,89948,32468.0,34619.0,29303.0,20800.0,70361,34706.0,52335.0,75236,48925.0,29494.0,160133,22388.0,8644.0,3263961,41352.0,26608.0,48400.0,22103.0,49406,39296.0,82286,62900,81815,27692.0,70128,136974,24506.0,163224,126410,31818.0,28546.0,33648.0,102432,424449,38208.0,61419,44754.0,181121,38064.0,52805.0,99472,73511,84085,39739.0,20362.0,46847.0,80017,13208.0,39889.0,34040.0,58786,61032.0,33710.0,129639,233894,235924,44493.0,1888660,126040,163589,107361,27837.0,35646.0,23213.0,28838.0,41045.0,27418.0,15712.0,18980.0,20301.0,65143,25331.0,65209,78530,15410.0,22810.0,43346.0,43143.0,11176.0,53305.0,33030.0,181704,35107.0,24381.0,10060.0,21810.0,60112,68454.0,34186.0,77164,24705.0,2706.0,25456.0,47138.0,65281,43856.0,51334.0,20914.0,128980,18493.0,31239.0,29829.0,39070.0,107099,43605.0,73907,22976.0,78519,59069,61337,67626,34921.0,98849,22822.0,64930.0,38390.0,15058.0,80581,19438.0,59657.0,29211.0,83773,129720,69310,24350.0,84346,33572.0,163744.0,74391.0,43580.0,446730,4280.0,56873,42963.0,34076.0,94289,67027,228054,11237.0,30729.0,265904,39848.0,9909.0,43287.0,157096,76440,51710.0
2015-05-03,107810,197690,120819,16334.0,68176,85139,217573,96062,14640.5,485371,124714,83799,250243,604317,224951,50117.5,38940.5,41286.0,65262,28020.0,119369,56460.5,100217,30901.0,47150.5,78331,37276.5,98974,46617.0,137411,30704.5,37382.0,29951.5,47374.0,95728,56591.5,36396.5,55043.5,11412.0,21162.0,28134.0,376943,51149,34094.5,20987.5,27966.5,23080.0,212695,29866.0,166966,75127.5,662293,987850,106848,64131,194514,45239.0,57445.0,83042,311355,146142,115006,265206,109336,10877.5,84388,154341,355871,412895,29993.0,104610,96129,22461.5,136545,56068.5,57485.0,24463.5,296154,18291.5,21756.5,226696,135804,210124,86893,87875,649558,34374.5,99168,449843,28914.5,15425.0,35324.5,10791.0,17262.0,14116.0,36935.5,36266.5,21405.5,17310.0,83008,17534.0,17130.5,43475.5,51033.0,23790.5,1723.5,11330.5,5554.0,3733.0,15407.0,14000.5,5195.0,3360.0,136322,48855.5,93046,15650.0,26637.0,79549,11710.0,18532.5,178600,1934.0,34441.5,25192.5,76280,17776.0,38734.0,136976,21932.5,68806,10382.5,409573,69791,43686.0,23007.5,400682,18843.0,82119,232826,92519,33780.5,36890.5,29321.5,22135.0,71952,36085.5,52206.0,79370,47369.0,31891.5,168224,23351.0,9052.0,171560,41085.5,27786.5,46200.0,23018.0,76781,39491.5,82880,66439,84762,29374.0,75516,140997,26424.5,171617,127117,29983.0,30339.5,35597.5,105217,336418463,39665.5,55654,47334.0,177843,39641.5,51786.0,103406,80513,83656,45470.5,19289.0,49803.0,79694,13317.0,40715.5,36740.0,62495,60127.0,35446.5,137413,246979,245063,41497.0,125215,134232,172758,112047,28337.5,36883.5,26301.5,29857.0,47892.5,28997.0,16867.0,19993.0,20942.5,67546,28785.0,85777,81957,27666.0,22184.5,38215.5,39094.5,12568.5,56053.5,34072.5,186839,35424.0,25265.5,10205.5,22847.0,61394,70164.5,36522.0,79124,29699.5,8463.0,26729.5,48393.5,65457,44612.5,53194.0,22099.0,131434,19498.0,32015.0,30607.0,40888.5,110503,43392.5,79102,24175.0,83508,64618,66087,67236,35592.5,97524,25190.5,45615.5,41294.0,17379.0,84135,20637.5,63515.5,29866.5,85212,125615,74360,24263.5,86007,34633.0,168291.5,72376.5,50543.0,129635,4576.5,60395,46703.5,36779.5,98090,83710,236388,13314.5,32230.0,275148,41754.0,9792.0,44788.0,161270,77030,52873.5
2015-05-31,98657,161948,122654,16486.5,83998,86395,221948,78321,14862.5,500286,126426,86590,251276,596603,228876,50749.0,39425.5,41205.0,65534,26057.0,121151,55786.5,101230,31340.5,47392.5,79462,36816.5,96903,47601.0,142985,30986.0,38276.5,30576.0,50769.5,96065,57707.0,39103.0,54476.0,11639.0,21731.0,28564.0,372090,57861,34728.5,24626.5,27937.0,23303.0,195762,25192.5,167857,74373.5,669985,975772,106504,65830,199603,45499.0,56699.5,86616,306048,144509,119352,263936,109626,10816.0,82844,158028,363162,411924,27757.5,104593,98288,22711.0,131289,56169.0,57599.0,25958.5,304336,18630.0,21726.0,231364,132015,220300,82016,93334,636324,34394.5,102406,476175,28514.0,15687.0,35893.0,10352.0,17402.5,14082.0,36081.0,36304.5,21744.0,17153.5,91205,17630.5,16834.5,43302.5,50432.5,22129.5,1777.5,11661.5,5716.0,3845.0,15827.5,15374.5,5138.5,3295.0,117959,48936.0,91791,15822.0,26795.0,79429,11580.0,19629.0,177658,1954.5,34150.0,26001.0,78714,17745.0,37800.5,135814,22268.5,67960,10424.0,406898,69849,41566.0,25042.5,394555,19658.5,82965,233870,89876,34168.5,35172.5,29580.0,22589.5,69978,35886.0,50441.0,79789,48067.5,31970.0,165607,23140.0,9176.5,165643,44359.0,26884.0,49625.5,23372.5,85205,40667.0,85237,66296,108159,29470.5,78415,142358,27211.0,169306,127794,32480.0,30244.0,36754.5,107014,444533,38773.5,53190,45180.5,180848,40100.5,51405.5,105575,79017,84081,44611.5,21015.0,51520.0,80143,13623.0,40904.0,35302.5,62611,59451.0,35779.0,137039,249301,242182,40245.5,125787,134158,175862,110711,28928.0,36950.0,30002.5,27791.0,44849.0,29482.5,16827.5,20300.5,20272.0,67508,34921.0,95602,81426,33719.0,13059.5,36231.5,37540.5,11914.0,56641.0,34280.0,188695,35189.5,25293.5,10611.5,21586.5,58813,73112.5,34761.5,78217,27128.0,2778.0,25945.0,48677.5,68217,44038.0,52886.0,22664.5,133002,20110.5,31628.5,30130.0,40865.5,202873,43311.0,78536,23910.5,83300,64300,69012,70115,35872.5,98471,29057.0,33475.5,39803.0,19444.0,83771,20527.5,63742.0,30100.0,86949,127157,75707,25037.0,86249,34500.0,172458.5,72324.5,46049.0,129570,4733.5,60600,46637.0,37690.5,98658,85400,237717,15109.0,32465.0,273544,39247.0,10551.5,44228.5,164933,77034,54056.0
2015-06-28,132440,155008,121129,16090.5,87616,83543,219543,74344,14442.0,486244,120732,82386,247070,606223,217062,51432.0,38752.0,41512.5,66869,27038.0,117667,51953.5,98529,31228.0,44789.5,79675,36169.0,96069,46892.0,137606,30324.5,37333.0,29527.5,48199.0,93706,54209.5,37712.0,51859.0,11041.5,21161.5,27379.0,366005,56363,32972.0,24663.5,29048.0,22633.5,214854,35933.0,180314,63780.0,670650,1004853,104989,63604,203450,43330.5,55881.0,85231,314493,149823,119925,269683,121795,11050.0,81213,157445,356129,377174,31187.5,104934,97429,22927.5,132199,55101.0,56197.5,26373.5,297765,18621.5,21877.0,244416,136608,220570,87169,92912,640385,35213.0,100675,484014,26091.5,14884.5,35062.0,10518.0,15794.0,13468.0,33241.5,32260.0,16798360.0,16999.0,81465,17007.0,17170.5,45551.5,49347.5,22692.5,2390.5,10950.5,5636.5,3812.5,15281.5,15194.0,7268.5,4658.0,171155,49814.5,89034,16529.5,26095.5,79208,9615.0,18019.5,186153,2117.0,35212.5,24862.0,74318,17099.5,38092.0,126848,21615.5,62812,11465.5,418795,68617,39198.0,20365.0,377739,19256.5,79567,227208,406608,33739.5,35456.0,29303.5,21553.0,67121,36117.0,54881.0,74310,45945.0,30848.0,162210,23599.0,8655.0,167895,42109.5,27515.0,47539.0,22711.0,81765,39502.5,84127,64598,88741,29114.0,70861,137753,24875.0,166121,121992,31811.0,28906.5,34647.0,103472,451209,39869.5,60212,43338.0,181084,39396.5,51338.0,106699,78664,84991,45753.5,17254.5,50049.5,79231,13786.0,39831.0,36611.5,60858,58059.5,33122.0,134947,236166,220703,45168.0,124999,130803,168138,105750,29198.5,36652.0,24135.0,29895.0,47532.5,28751.0,16172.5,19467.0,20668.0,67129,33782.0,77471,79186,32407.5,12319.5,41256.0,42771.0,12395.5,53431.5,33970.0,184323,35568.5,24995.0,10277.5,22176.0,57903,73052.5,34933.0,82378,29307.0,3240.0,27332.5,47228.5,65713,43717.5,51165.5,21981.0,129417,19211.0,31610.0,32469.0,38936.0,112501,43405.5,77253,22141.5,79605,61323,61950,66632,35012.5,100068,26294.0,32860.5,9119.0,16069.0,81938,20365.0,58939.0,29787.5,88763,131771,76638,25117.5,83567,34117.5,170908.0,72667.0,49949.5,129356,4372.0,59230,46884.0,37795.5,95723,84187,224620,16787.5,31704.5,279814,36490.5,10271.0,43286.0,164480,85112,52453.5
2015-07-26,120892,139558,117119,14953.5,75477,78909,195894,79344,13676.0,450671,108325,74659,230631,569693,210663,50646.0,34488.5,37205.5,62660,24987.0,110557,47549.5,91038,28858.0,33470.5,75449,33668.5,91450,42797.0,126321,27743.0,34459.0,26749.5,44792.5,85028,47969.5,35842.0,49114.5,10265.0,18471.0,23659.5,337526,52270,29838.0,22550.0,28275.0,20718.5,203746,33943.0,167922,51778.0,636756,965292,95301,58078,196461,39857.0,50566.5,81681,292138,144581,113044,250839,114425,10221.5,76714,147208,330947,359033,30432.5,100394,89054,20932.0,112822,49187.0,50443.5,28825.0,271030,18245.5,19943.0,212723,127136,211416,89004,419471,595787,33603.0,97960,425053,26058.0,14022.0,30814.0,9007.0,13735.0,10422.0,29850.5,25367.0,17566.0,14732.5,76079,7802.5,16615.0,44852.0,43462.0,18155.0,2827.0,9852.5,5300.0,3714.5,14424.5,16279.5,9322.5,6473.5,158679,45203.5,77728,14880.5,24407.5,73440,8066.0,18014.5,184832,1937.5,34460.0,22520.0,74862,14305.5,33827.0,123084,19218.0,60249,10673.0,406877,57502,36180.5,19393.5,360137,18026.5,79489,216278,227340,31843.5,34100.5,26963.5,19089.5,62244,33217.5,52145.5,68893,42871.0,28626.0,157876,20985.5,7854.0,154417,39469.5,25672.5,36945.5,21364.0,74806,36816.5,76707,59397,91280,28216.0,66109,136224,23649.5,154700,111081,29869.5,22078.5,32959.5,88880,443750,36796.5,54536,38844.5,172239,37636.0,47716.0,103225,67931,81226,46175.0,15556.0,47616.5,76045,13116.0,36990.0,34547.0,61822,53005.0,24570.0,126544,225307,207462,43245.0,122126,124080,154794,97330,25874.5,33574.5,21905.5,28295.5,45922.5,25234.5,15412.0,17681.0,19614.5,61069,31445.0,68034,74737,33325.5,11263.5,37698.0,41028.5,11030.5,51968.5,31860.0,172040,32785.5,23668.5,9957.5,19456.0,54976,65004.0,34208.0,81392,26849.5,1571.0,27168.5,43922.5,62922,40095.5,48585.0,20261.0,119888,17817.0,29697.5,29767.5,35713.0,109436,42274.0,66707,19866.0,63551,58821,54691,63058,32409.0,90830,25150.5,30047.5,7773.0,14661.5,77641,18666.0,44725.0,27733.0,79371,121278,72790,23665.0,77194,31725.5,163918.0,64537.0,53900.5,133846,4263.0,55823,43110.0,33520.5,89356,78382,219602,20120.0,29457.0,267223,33991.5,10234.0,40191.5,150295,86537,48579.5
2015-08-23,117640,136862,114569,14617.0,76517,79226,190743,73852,13872.5,445962,111623,71914,219565,552734,203175,49959.5,33954.5,37527.0,61981,24725.0,111136,48589.0,91401,29504.0,35960.5,74634,33368.5,93222,41380.0,125581,27748.0,34299.5,26919.5,44891.5,85529,48166.0,35445.5,52457.5,10531.0,18756.5,24262.5,328913,52075,29994.0,23041.5,28144.5,20742.0,199441,32882.5,166220,50070.5,635439,1045049,96433,57834,200037,39332.5,48183.0,81147,302444,140098,111140,248860,116522,9893.5,81671,148527,322411,341822,28900.5,101725,87889,19756.0,109567,47188.0,49813.0,28779.0,265621,18405.5,18565.5,218260,125873,204271,89643,89217,579359,33330.0,97107,414140,25530.0,14238.0,30871.0,8829.0,12529.5,10244.5,28874.5,24647.5,17516.0,15013.5,75670,6600.5,15980.5,44281.5,43351.5,18514.0,3026.0,9775.0,5499.0,3725.0,14415.5,16914.0,10732.0,7331.0,155302,45317.0,77581,13300.5,24321.5,73431,7635.5,17989.0,179514,2029.5,34988.5,22324.0,72459,14338.0,34884.0,121152,19217.0,58574,10677.5,401479,57441,34475.0,19556.0,345481,18204.5,74384,217514,87452,32694.5,34937.0,26859.5,19226.5,61081,31300.0,53602.0,67832,41424.5,28494.5,150830,21551.5,7654.0,153660,39050.0,26429.0,39694.0,21190.5,76192,36471.0,68379,60173,102863,28625.0,64578,130942,23505.0,160194,110467,29816.5,23534.0,32519.0,87938,430687,36397.5,54542,37393.5,168325,38048.5,47534.0,104835,68030,81041,45566.0,15746.5,41229.0,74815,13813.5,36366.5,34774.0,61578,53419.5,25770.0,126952,215241,204812,43529.5,122762,126186,153786,96284,26098.0,34026.0,22113.0,27544.5,46934.5,25222.0,15263.5,17340.5,20232.0,61286,31389.0,70020,74368,35117.0,10997.0,37770.0,40397.5,11275.5,50245.0,31675.5,172931,32465.0,23702.0,10256.5,19514.0,54231,66659.5,32422.5,83914,26821.5,6773.5,100296.5,43611.0,65454,39593.5,49256.0,20231.5,118928,18405.0,29540.5,26842.0,38664.5,112776,41617.0,66893,19319.0,65232,60718,52663,61972,31916.5,91956,25502.5,29946.0,6528.5,14791.5,78122,18573.5,46493.5,27723.0,84138,122619,71638,22867.0,71497,31231.5,157625.0,64653.0,50718.5,131031,4260.0,55897,45943.5,32683.5,89777,80024,209526,20396.0,29609.0,262937,33890.5,9497.5,39892.5,146327,86064,51605.5
2015-09-20,115258,135155,115442,14737.5,76898,79428,193618,80696,13639.0,439965,109574,84967,211441,541307,212807,51241.5,32615.0,36176.5,62361,24119.5,111148,49953.5,91665,28878.5,31919.0,74156,33132.0,95013,39400.0,126088,27509.0,35120.5,26386.0,45273.5,82122,49274.0,36502.5,47884.0,10322.0,18364.5,23816.5,338043,52106,28880.5,23309.0,28626.0,20406.5,190147,32855.0,156249,63782.5,613515,885963,103885,58675,191040,38951.5,50995.0,80924,280743,129398,102066,232823,106935,10466.5,72192,144869,328940,347122,28645.5,102067,88935,20829.0,109476,48458.0,49007.5,27690.0,254148,18369.0,19428.5,209753,121672,204656,75411,90587,552694,33160.0,97759,404489,27182.5,14199.0,29737.5,9411.5,14579.0,10657.5,31016.5,28177.0,17736.0,14962.0,77004,6027.0,15774.5,43264.5,44224.0,19311.5,2630.5,10033.5,5503.5,3730.5,14374.5,15617.0,9571.5,5953.0,152074,44542.0,76139,13449.5,24482.0,72871,8236.0,18518.5,172068,1920.0,33877.0,22967.5,73287,13898.5,35067.0,119249,18899.5,63978,11120.5,371960,56469,34579.0,19470.0,362220,18228.5,149560,219277,87676,32405.5,34216.0,27547.0,19729.5,63724,31698.0,48950.5,66914,41188.0,28823.5,162632,21209.0,7676.0,157468,39616.5,27588.0,35678.5,21069.5,72240,37138.0,76836,59701,86065,28281.5,66180,132048,23660.5,150889,116913,27759.5,20724.0,32619.0,88998,407643,38049.5,53742,40766.0,164307,37530.5,47035.0,101625,65780,81775,46478.5,16437.5,37541.0,67235,14124.5,35919.5,33705.0,61132,52643.0,24256.0,123947,221084,232780,42440.5,124235,128806,155880,98184,27391.0,34199.0,22575.5,27438.0,84004.0,25582.0,14434.5,18043.0,20199.5,61632,31369.5,70153,71902,70812.0,10709.0,37604.0,40883.0,10875.5,50314.5,31169.0,171673,33166.0,23437.5,10159.0,19008.0,54786,65972.5,37789.0,79109,82967.5,6169.0,25954.5,43428.0,65735,41287.0,49559.0,20722.0,122083,19083.5,28060.5,27515.0,35854.0,375668,40631.0,64435,21618.0,63031,62336,49949,63989,32512.0,78496,25135.5,30315.5,83834405.0,14673.0,76661,18783.5,42937.5,28279.0,64073,115102,68746,23250.5,75124,32455.5,161127.5,61296.0,50218.0,123282,4310.5,55402,44518.5,31238.5,91020,79133,222387,17287.5,29084.0,249011,34311.5,10246.5,39716.0,145851,78578,51744.5
2015-10-18,132234,194847,124804,16506.0,73909,86406,209101,101540,14841.5,489175,124027,92975,251314,604003,232478,52365.5,38494.5,40720.0,69349,27037.0,121376,54112.0,101123,31622.0,45526.5,80071,37231.0,97520,48949.5,138930,30244.5,39132.5,30735.0,51382.0,95996,56182.0,40177.5,55247.5,12748.5,21136.0,27805.0,383770,56230,33575.5,24680.5,32070.5,22510.0,212913,37256.5,176534,75955.0,650388,960384,107044,67242,201622,43087.0,55903.0,87531,311365,142212,113423,268286,118580,10316.0,85178,161316,361535,400351,33243.5,108009,97654,23040.5,140291,56081.5,57175.5,31386.0,291055,19662.5,21419.0,232352,142006,219974,82883,97588,643117,36094.5,104457,452295,29080.5,15537.0,33925.0,11029.5,18545.5,11416.5,33044.0,33553.5,18950.5,15687.0,82403,5186.0,17580.0,46445.5,50923.5,21807.5,1789.0,11487.5,5916.0,3991.0,15130.5,15502.5,5037.0,3494.0,170415,49490.0,90830,17574.0,26450.5,80141,11024.5,20052.0,183253,1894.5,38667.0,25667.0,77995,16751.5,37829.5,131915,21529.5,69557,11892.0,404095,68745,36048.5,22495.5,408331,20271.0,80892,233511,93944,36308.0,38445.0,30586.5,22065.5,72914,38798.5,54260.5,81163,45957.0,31723.0,166082,24019.5,8822.0,63829806,43789.5,29203.0,50453.0,23446.0,82566,38732.5,83345,68658,136913,29065.0,70790,142647,26381.0,165294,126023,32578.5,29597.0,36482.5,103103,450579,40790.0,60627,46679.5,183314,40300.0,52023.0,110466,76912,89238,47530.5,17194.0,45057.5,77673,13733.0,41750.0,37184.5,63045,58901.5,34400.0,137823,244108,244524,46033.5,127106,134055,168859,109396,31104.5,37847.5,25006.0,30124.5,47975.0,29171.0,17004.5,19845.0,21154.5,68904,33708.5,76645,82317,24197.0,12015.5,41348.0,44833.5,12166.5,56245.5,34416.0,194445,36131.5,25242.5,10862.0,22602.5,61319,75384.0,36135.5,83040,29175.5,2819.0,26028.0,47346.0,66600,44793.5,53541.5,22922.0,133064,20308.5,31119.0,32952.0,39135.0,114740,43128.0,76358,23836.5,79455,63616,60299,69215,35204.5,90192,26079.0,33893.5,34818.0,16177.5,85694,20560.0,59487.0,29919.5,71298,131155,79483,24061.5,83959,34373.0,171798.0,74196.0,50073.5,132005,4565.0,60303,49205.0,36418.0,98108,90363,232259,13283.0,31506.5,267096,37371.0,9908.0,42759.5,159205,84443,56925.0
2015-11-15,144154,198967,127376,17036.0,78683,88587,217732,98453,16062.0,506325,130321,94214,262222,603052,244003,54274.5,39399.5,40802.0,68121,26661.5,126650,56926.5,104253,33419.5,47665.5,82188,38959.5,103084,52029.5,146452,31854.5,40419.0,30928.5,53658.5,103396,57457.0,42129.5,58845.0,12979.5,21042.0,27683.0,398181,60075,33453.0,25654.5,31260.5,23292.5,214305,42018.5,178829,81937.5,718765,1019420,108949,69410,221780,45263.0,58392.0,90920,340365,143143,113995,289504,128989,12244.0,87710,178575,381662,436626,37515.5,109007,103908,23475.0,145530,58581.5,57948.5,31631.5,302484,21334.0,22433.5,247893,145658,221635,78295,96870,673427,36175.5,106613,468753,29354.5,16389.5,35223.0,8.0,20217.5,13321.5,38603.0,36290.0,20490.5,17256.5,84161,6040.0,17524.0,46891.0,53011.5,25188.5,1595.5,11988.5,6114.5,4078.0,15724.0,16332.5,4472.5,2995.0,178962,51788.0,94671,19037.5,27524.0,82119,10457.0,20580.5,186794,1936.0,38393.5,26112.5,82461,17464.0,33300.0,140215,22130.5,73909,9808.5,405862,72996,36659.5,22996.0,434812,21512.0,85237,240294,95086,38225.0,38798.5,31968.0,22102.0,75183,40615.0,53542.0,86082,46201.0,32344.5,178449,24561.0,9164.5,188497,46600.0,28845.5,47331.5,20742.0,86536,38057.5,87105,70708,90770,30854.0,71052,149116,26691.0,169289,129535,32669.5,30676.0,37135.5,104731,455112,41479.5,65013,48350.0,191935,41899.5,55652.0,112865,83990,82351,48496.0,17800.0,48649.5,81795,12917.5,43898.5,38237.5,64171,59656.5,36086.5,140608,253939,260477,48063.0,128811,140301,183198,111062,31407.5,39314.0,25190.5,30905.0,47029.0,29731.5,17668.0,16852.5,20879.0,70230,37143.0,77963,84053,24365.0,11956.0,43962.5,47461.5,13935.0,56939.0,36238.5,204165,37905.5,26921.5,11349.0,22872.0,63549,72493.5,36470.0,84237,29488.0,2567.0,28059.5,48712.5,67750,46197.5,53434.0,23080.5,138715,20760.0,31622.0,34160.5,41094.0,120121,44128.0,79202,25570.5,84434,63699,60568,75162,35680.5,94233,22675.0,34438.5,41274.0,16691.5,87041,20979.5,62171.5,31518.0,67081,141627,74529,23602.5,89154,36123.0,174989.0,72031.0,47899.0,133413,7275.5,62136,49720.5,37738.5,98639,92606,234338,12857.0,32063.5,283675,38656.5,9397.0,44130.5,162946,85350,56280.0
2015-12-13,142832,195171,129566,17483.0,80734,88969,218786,90564,15905.0,500286,131556,90446,262183,1313567,242922,48507.5,39960.5,39955.0,61726,25791.0,130359,57674.5,106113,34560.0,47275.0,83692,39617.0,97000,54223.0,140081,33058.0,41659.5,30224.5,50989.0,109641,58576.0,39440.5,57601.0,11653.5,21230.5,28128.5,391657,54969,33720.5,23013.0,31341.5,23565.5,193580,43571.5,171507,82530.5,764728,1037913,108260,69665,235448,44240.5,56566.0,91088,368997,147576,103343,292529,133867,12385.5,77969,183336,388022,467715,38103.5,102770,106064,23101.5,134654,59052.5,55945.0,30913.0,281599,21036.0,22829.0,235911,141334,200912,72529,100873,677136,36313.0,107891,447541,26083.5,16114.5,34505.0,0.5,20624.0,13480.5,39380.5,38203.0,20633.0,17815.0,83777,5538.5,18004.0,46250.0,54147.5,23798.0,1383.0,12465.0,6202.5,4291.0,15863.0,15036.5,4846.0,3216.0,172896,52388.0,91322,19475.5,28304.5,88130,10381.0,20798.5,180192,1948.0,38230.5,24826.5,83367,17515.5,37589.5,143023,21808.0,74797,11390.5,387287,74505,42648.5,22441.0,467370,20283.5,86922,239128,91774,37820.0,36726.0,31112.5,21777.0,73760,41571.5,50929.5,85267,49033.0,31645.5,179052,24513.0,9319.5,192925,43317.5,28896.5,45852.0,22339.0,90094,40160.5,86731,72019,87280,31678.5,71579,155490,26468.5,166147,129983,31244.5,30671.5,36876.5,102937,439786,40680.5,64906,48489.0,197483,44363.0,57709.0,109152,81448,84640,46165.5,17617.5,44904.5,78623,12243.5,48280.5,37108.5,62522,58391.0,36043.0,144419,263192,276309,48118.5,177489,139437,181573,110693,31215.5,40015.5,25005.5,29996.0,47424.5,27639.0,17677.5,17950.0,20732.0,68077,35023.0,75249,81863,13905.5,12239.0,44353.5,46595.5,13039.0,55341.0,36288.5,197034,36524.5,27255.5,11080.5,22896.0,65542,76445.5,36854.5,85138,29405.5,7503.0,27206.0,48187.5,66390,45304.0,53871.5,22362.0,142328,20734.5,33127.5,33092.5,42628.0,109914,44929.5,77115,26565.0,83991,63368,59366,75302,35593.0,98810,19927.0,33751.0,41989.5,16587.5,84932,20703.5,61012.5,31303.0,69699,141759,80827,26139.5,91296,36992.5,180293.0,76905.0,46318.0,127119,4307.0,61999,46357.5,38373.5,94238,85804,215647,12346.0,31603.5,275864,41280.5,10592.0,43550.5,164061,89901,52336.0
2016-01-10,124380,171080,111975,20460.5,67531,80882,188053,55745,13740.5,432210,114527,71590,263052,562797,208036,44532.5,40015.5,36818.0,59081,26459.5,116860,48820.0,85969,31414.0,41989.0,72797,35449.0,88479,44445.0,128947,30328.0,37456.0,25620.0,48536.5,96478,52061.0,37033.0,29083.5,10093.5,19054.0,24703.0,542102,54588,29625.5,21607.0,25709.5,20341.5,198859,37906.0,154364,56335.5,713732,2600117,686586,60116,205584,40746.5,49152.5,80614,8781437,132558,96422,276837,114639,11346.0,75441,151301,392485,406959,35374.0,90465,99186,21141.0,119756,51708.5,104449.5,30116.0,247283,20593.5,19264.5,188448,124814,197848,79689,87062,604016,32796.5,95323,371301,21755.0,14275.0,30476.5,0.5,15939.0,12032.5,34944.0,33735.0,18498.5,15987.5,72833,5903.5,14416.0,61351.0,60094.5,21227.0,1340.5,10691.0,5566.0,3708.5,14366.0,13246.0,4350.0,2784.0,146552,45545.5,78701,17411.5,24931.0,76410,8141.0,20445.0,165487,1581.0,32544.0,53039.0,66370,15130.5,34430.0,107041,19171.0,62804,9548.0,360449,61229,38243.0,18488.5,346188,18248.5,73526,208420,148262,28106.0,30174.0,26875.0,18821.0,58803,36442.5,44161.0,65669,41666.5,27317.5,155955,21650.5,7882.5,160117,56914.0,26032.5,39023.5,21549.5,82430,36770.5,81323,65690,73338,28334.0,63538,133323,22607.5,145359,108763,25260.5,27458.5,31545.0,90366,397880,36529.0,54985,40172.5,184307,39114.0,48729.0,91844,72164,73749,40227.0,15251.0,46725.0,62415,19169.5,43655.5,31513.0,54487,50217.0,34958.5,123367,221927,250969,40542.0,104471,130948,160795,93729,28413.0,34658.0,21794.5,26903.0,85234.5,25180.0,15230.0,14901.0,18285.5,58009,34417.0,72185,71333,11243.0,10382.5,38056.0,40654.0,12006.5,47593.5,32003.5,118777,31242.0,23894.0,8964.0,19732.5,55120,52597.0,31922.0,70623,23388.0,729.5,23553.0,41481.0,57296,39517.5,47465.5,19278.5,123576,18289.5,27512.0,29715.0,38168.5,104034,39201.5,66976,21525.5,73408,54631,47038,61301,31754.0,94977,19983.0,29768.5,35380.0,14608.5,73076,18179.5,53494.5,27026.5,68470,127474,69380,23871.0,83579,32705.5,92086.5,43451.0,43026.0,128209,3827.0,54514,40008.5,33693.5,92977,78383,177531,11210.5,27426.0,236617,34885.5,9750.0,36662.0,154851,90835,43907.5
2016-02-07,139621,174459,110379,30699.5,78286,82653,198695,83407,14581.0,451481,121610,75653,348874,530361,219755,49205.5,39386.0,37326.5,63767,24693.5,118792,51119.0,97077,32705.0,43291.0,75645,37256.5,79602,51444.5,134592,31007.5,38187.5,27201.0,51331.0,100406,41193.5,39581.0,9382.5,11771.5,19579.0,24888.0,11663999,55914,30919.5,23493.0,38080.5,22245.5,264900,43245.0,161500,70639.5,693021,971102,103441,63713,209783,43453.5,52200.5,83341,314903,131522,89233,274975,122296,12960.5,73784,164748,453374,373874,34864.5,93916,99217,21347.5,117984,56162.5,201987.0,37402.0,265517,21208.5,21595.0,223448,131529,182812,68440,86814,628133,33305.0,95172,418109,23024.0,14346.5,31562.0,3.0,16240.0,12945.0,32595.5,32827.0,19720.0,17458.0,63854,14070.5,17301.0,100279.0,87098.0,22355.5,1431.5,11127.5,5658.5,3773.0,14648.0,13422.0,4614.5,2873.5,160706,51187.0,88980,16583.0,26004.5,86319,9173.5,18735.0,171723,1722.5,33452.5,101911.5,70030,15874.5,35596.0,125970,19955.0,64340,12085.0,4663649,60304,40107.0,21104.0,397608,18568.5,79016,213523,103964,30238.0,34919.0,31188.5,19769.5,70622,35313.0,40117.5,78897,43679.5,28568.0,98001798,23051.5,8450.5,173928,82311.5,26859.5,40923.5,21590.5,85919,37161.0,82922,65625,86768,28621.0,67196,138556,24939.0,151627,119821,29324.5,28809.0,35549.0,72730,440707,36770.0,62344,47590.0,179226,44433.0,57161.5,206616,76100,82876,40071.0,17685.0,38802.5,73739,21606.0,43847.0,36960.0,59043,53652.5,32978.5,130038,232415,228420,45639.0,108374,138669,146153,97588,30259.0,38260.5,22954.5,28067.0,53844.5,25044.5,16131.0,18103.0,19493.5,64029,33844.0,64125,76031,11778.5,10991.5,42303.5,45229.5,12926.5,49918.0,33531.5,63795,34537.5,23724.5,9783.0,21484.0,57499,44527.0,34641.5,74130,26136.5,110.5,25100.0,44380.5,55399,41208.0,49739.0,20274.0,131474,18683.0,30054.5,29157.0,38645.5,95794,40141.0,71393,23078.0,80668,54968,50878,66845,33075.0,86100,17322.5,31686.5,37832.5,15837.5,77303,19150.5,55209.0,29844.5,59297,129506,70136,24444.0,88261,34885.5,26288.0,26008.5,180186.5,120673,3746.0,56667,46590.0,39503.5,86249,88390,190680,11670.5,28542.0,265829,37626.5,9921.5,41392.0,149606,73929,50988.0
2016-03-06,146581,162473,120296,31197.0,88883,86486,414496,88173,15143.5,480580,116409,80435,364050,532194,200793,51256.0,39460.5,40165.0,61847,26639.0,125319,53659.0,101477,33923.5,44727.5,80242,38478.5,83801,52982.5,137248,32585.0,39990.0,28725.5,48697.0,103421,41593.0,38207.5,9388.0,11688.5,18475.0,24978.5,711486,53617,30793.0,21309.0,36511.0,22568.5,280439,45572.0,166026,66443.0,704461,991893,102338,65566,216588,44895.0,53709.5,85876,328613,126194,91496,283394,124577,13363.5,73991,173260,462402,432152,38302.5,98418,99567,21852.5,120539,57267.5,202591.5,39642.5,271017,19668.0,22496.0,224093,121747,206671,68318,93541,634223,34313.0,100933,438743,26799.5,14825.5,32041.0,7185.5,16191.0,14005.0,30938.5,31494.5,20969.0,18642.0,66342,15510.5,18007.5,119369.0,89517.0,23921.0,1467.0,11780.0,5738.0,3901.0,14962.0,13961.0,4677.5,3013.0,171979,52943.0,91615,14744.0,27813.5,87039,9422.5,13834.0,184508,1644.5,33314.5,101189.0,68056,15642.5,36156.0,130557,20044.5,71838,12737.0,371387,72404,41829.5,20823.0,428267,18334.0,82605,212719,95545,35745.5,36333.5,32353.0,18623.0,73755,31779.0,45616.0,78168,43282.0,29835.5,171930,23058.0,9055.5,185553,83546.0,27496.0,43011.5,20960.5,81734,39100.0,83039,69150,87901,29797.5,67391,148598,24818.5,157895,127924,30972.5,29570.5,34784.0,73576,430617,36792.5,65157,49280.5,192137,46006.5,57175.5,107184,79293,83264,43748.0,21813.0,40145.5,77302,22391.0,46485.5,38392.0,60585,57722.5,34092.5,135249,224364,274786,47477.0,272253,135441,146309,104741,31147.5,39494.0,22689.5,27390.5,46438.0,26790.5,16547.5,17705.0,19391.5,61042,30307.5,57131,74355,12692.0,11454.0,45444.0,48214.5,13517.0,51892.5,35070.5,63390,36578.0,24682.5,10499.5,21001.5,64292,46605.5,34057.5,79510,27401.5,4919.0,26595.5,46592.5,51922,42367.0,51137.5,21118.0,139319,18820.0,31803.0,25883.5,40174.0,106692,41480.0,72192,25325.0,82864,52928,52459,70518,34307.5,87088,18744.5,33366.5,2556388.0,14994.0,77282,20053.0,57920.5,30635.5,57476,133773,57704,25179.0,89567,36776.0,27239.0,24813.5,50402.0,167431,4145.5,58968,49822.0,39074.0,91595,91500,208463,11984.0,29944.0,274385,38883.0,10340.0,43201.0,153590,375339,53910.0
2016-04-03,129404,171209,118541,32285.0,85321,86793,215986,90016,14647.5,471656,124262,90101,337116,573865,226880,52553.0,37531.0,41109.5,65702,27229.5,120536,53828.5,100746,32577.0,46140.0,78594,38430.0,81559,47440.0,138636,31293.5,38544.0,29411.5,50680.0,92545,40902.0,38927.5,9512.5,11366.0,20665.5,26613.0,664798,53431,32692.5,25030.0,40569.0,22510.5,280200,36846.0,172292,72969.0,651558,34457544,16909663,63175,198352,44161.0,56274.0,83074,305785,132103,100081,270543,117374,13197.0,82044,160638,428845,390849,32502.0,102831,98026,23402.5,130676,56482.0,214679.0,40300.5,284721,18466.0,21759.0,225534,137606,225678,82736,89083,608868,36044.5,98927,447708,27510.5,15249.5,33559.0,8733.0,19470.5,14114.5,36591.0,36903.0,21245.0,18514.0,71813,15448.0,19365.5,125662.0,86558.0,22586.0,1511.0,11860.0,6072.5,4032.5,15127.0,14029.0,4960.5,3113.0,162097,50992.5,90914,18345.5,26960.0,79128,10210.0,18831.5,177253,1829.0,39569.5,104265.0,78817,16795.5,37221.0,125901,20972.5,68039,12668.0,399577,68127,40531.5,22112.5,398137,20112.0,77561,226180,95287,35310.0,36963.5,30662.0,21484.0,71523,38844.0,60532.5,83793,44105.5,30779.5,163399,23678.5,9388.5,179296,85594.0,27766.0,46080.5,23348.0,85092,40946.5,84081,67023,89513,29243.0,71770,140273,25802.0,165149,123209,30915.0,30279.5,35630.5,74596,452703,39549.5,61252,45026.0,184007,50501.0,53814.5,109898,78059,88225,46912.0,16781.5,41692.0,77311,27263.5,43642.5,38107.5,62362,60026.5,34620.5,137295,241821,241044,46216.0,123750,144242,154297,109287,29539.0,37597.5,24517.5,30878.5,48709.0,27690.0,16975.0,19946.0,20223.0,66887,32117.0,76915,80626,17138.5,11964.5,42508.0,45532.0,13124.5,53922.0,33943.5,68419,36622.5,26296.5,10631.0,21598.5,58003,44919.0,35135.0,82480,27379.5,2771.5,27033.5,47184.5,64332,44770.0,53071.5,22108.0,132787,19456.0,31414.0,33358.5,39402.5,108411,41246.5,75385,24742.5,81121,58305,62783,75869,35530.0,92453,23616.0,34539.0,45258.5,15930.5,84557,20826.0,59445.5,29045.0,67899,129651,74780,24718.0,87363,34671.0,28089.0,28059.0,52768.0,127746,4470.5,60496,48661.5,35652.5,95603,90469,220388,12631.0,30837.0,266713,37420.0,10285.0,42869.5,160397,86453,58267.0
2016-05-01,131597,163655,119847,28463.5,84163,96301,218586,97369,14601.5,492394,126504,91177,347065,584627,227826,52088.0,39140.5,41552.0,67880,27441.0,120555,53853.5,101632,32398.5,44072.0,77908,38086.0,76823,46643.0,140255,31556.5,37706.5,29346.5,50696.0,94291,39712.0,38963.5,10438.0,11710.0,20713.0,27094.5,677090,55294,33139.0,25764.5,38007.5,22370.0,283485,37123.0,175163,65362.0,641994,1045086,142718834,57367,199019,42977.0,54660.0,79341,296568,139279,108588,265651,114757,13262.5,83680,159282,433133,391086,33734.5,99444,95566,23048.5,134002,55220.5,224010.5,39957.0,291379,18237.0,20771.0,234930,141313,226484,84510,87661,623244,35881.0,99719,455874,27822.5,15562.0,33451.5,7631.5,19211.5,12966.0,36648.0,37076.0,19390.0,16894.5,70975,14444.0,18967.0,121377.5,88069.0,21939.0,1555.5,11591.5,6025.5,3965.0,14730.0,13960.0,4978.0,3112.5,163725,51407.5,92685,18381.0,24965.5,78842,10985.0,18574.0,164497,1825.0,40346.0,107072.0,76253,17079.5,35600.0,132252,21366.0,68228,12038.5,400770,68923,40906.0,22955.0,401907,21126.0,80372,223667,93083,36123.0,37773.5,30633.5,21568.5,73672,38850.5,60779.5,81237,48563.0,30909.5,165252,23034.5,9265.5,180457,86501.5,28699.0,49732.5,20626.0,84815,41195.5,79480,66282,91522,28964.0,71551,139262,26217.5,165262,124438,33453.0,28599.0,36236.5,74636,449287,40832.0,61528,45896.0,170288,41347.0,51512.5,163635,76477,89550,48382.5,15885.5,40398.5,80131,27146.0,43602.0,36003.0,64564,59295.5,31331.5,131817,242571,247167,46201.5,124565,134094,151515,109047,29267.5,37074.0,25348.5,31127.0,48612.0,28162.0,18092.5,17928.0,20594.5,67685,32541.0,80753,81725,26321.5,12058.5,42093.5,45727.5,12086.0,53046.5,34290.5,70630,37529.5,26223.5,9820.0,22150.5,57869,38089.5,35239.5,76660,28726.5,12258.0,27287.0,44345.5,65854,43719.5,54099.5,22233.5,134191,19072.5,32916.5,34812.0,39740.5,108664,41048.5,76182,21966.5,79607,63752,63534,75959,35489.0,91685,26527.0,64856.5,44813.0,16607.0,84756,20656.5,54863.5,29092.5,66148,122346,74886,25215.0,83341,32144.5,27586.0,24119.0,1195854.5,126525,4493.0,61234,49748.5,37087.0,98093,75716,233203,13419.5,30934.0,262588,37915.0,10881.0,40539.0,158234,83534,59464.5
2016-05-29,133122,177709,122651,28352.5,84138,101167,221639,82233,14540.0,493878,126390,94876,344582,588078,224298,59732.5,38395.0,42404.0,63080,28395.0,121321,53603.0,101798,33135.5,47030.5,80372,37893.5,74716,48010.5,140434,31492.0,38413.0,31525.0,47167.5,94935,38142.5,36205.5,9618.5,10871.5,21351.0,28178.0,664320,57069,33723.5,25048.0,38990.0,21018.5,284558,36787.0,177218,70668.5,648061,953386,151123439,63431,209068,41531.5,54792.0,82815,67420415,135853,110023,807870,117564,12621.0,85631,159658,442470,399397,33535.0,105226,96058,23329.5,137580,54676.5,224517.0,36840.0,295563,19020.0,20441.0,236638,141023,235121,85760,93053,641099,33813.5,102932,448238,27199.0,15780.5,34023.5,9094.0,25145.0,12866.5,37346.5,37540.0,19469.0,16409.5,71179,14413.5,19026.0,127110.5,87022.5,22006.5,1677.0,11994.0,5877.0,4143.5,15198.5,14550.0,5438.5,3287.0,169700,51775.5,83040,18666.5,26410.5,81290,11114.5,19431.5,180499,1882.0,39536.0,106500.0,79764,17637.0,38052.0,127306,21699.0,68141,15726.0,159160013,63362,33940.0,22709.5,384530,22953.5,79800,233272,94347,36844.0,35726.0,28983.0,21898.5,73730,39950.5,63139.5,81767,44373.0,30934.5,162451,24774.0,9169.5,178977,85713.5,29502.5,50756.5,23635.5,87578,40995.5,78827,66641,98657,29457.0,71726,140967,25607.5,171021,122783,32871.5,30932.5,36315.5,72922,465989,40370.0,61566,38771.0,177177,40449.5,52061.5,113683,75891,100664,48914.0,16923.0,46907.0,80923,30228.5,43064.0,37993.5,62728,75028.0,35022.5,133188,241767,251144,46289.0,126120,134693,151532,110591,29478.0,37642.5,25108.0,31458.0,50104.5,29298.0,18789.5,21172.0,21060.5,68229,31254.0,674576,79754,35429.5,10777.0,42548.0,45154.0,12631.0,55555.0,34465.5,71208,36759.0,26070.0,9620.5,22958.0,56759,41100.5,36008.0,71803,29077.0,17113.5,25350.5,47007.5,66928,44860.5,53953.5,22428.0,134029,19830.0,32340.0,35341.5,40351.5,134876,36209.0,76796,23871.0,81551,63917,62839,73514,35451.5,88098,27098.5,77482.0,45194.5,16183.0,86264,20952.0,59257.0,27347.0,65884,128092,75666,25023.5,82982,33897.5,27165.5,28635.0,50495.0,125979,4823.5,61709,49526.5,35621.0,97903,92344,229772,13485.5,32196.5,270552,32692.0,10805.0,42109.0,160230,87251,61102.0
2016-06-26,130824,193003,116236,25899.5,73532,96891,213061,75039,14362.5,479903,118996,83185,331540,576487,211264,52119.0,35792.0,41094.0,63379,27640.0,118210,49855.0,99118,32374.5,45551.0,75963,37246.5,76509,45440.0,132803,30348.0,37539.0,28645.0,46181.5,92379,38025.0,36206.0,9545.5,11033.0,19706.5,25848.0,630077,51871,31320.5,23443.0,37875.0,20877.0,274432,35278.0,171256,56420.0,659130,956298,107175,60860,220959,40283.5,54185.5,82834,305860,131450,113933,263108,119765,12073.0,85784,156911,410201,376615,31940.5,105537,96138,22075.0,122875,52357.5,217530.0,38251.0,290627,19085.0,20820.0,235359,137338,234785,81397,89734,603794,34916.0,98339,441324,26197.5,15141.5,31988.0,9094.5,17170.5,10650.0,34332.5,32652.0,18200.5,15456.5,66412,14601.5,18394.5,125235.0,48041.0,21492.0,2434.0,10961.5,5708.5,4191.0,15059.0,15820.0,8536.0,5428.5,168014,49044.0,80709,18396.5,25851.0,80760,9052.0,19287.5,173112,1886.0,40036.5,101528.5,75535,16148.0,37245.5,120509,20279.0,62221,12533.0,408588,61722,38925.5,21697.5,357174,20163.0,81558,217701,92726,36079.5,36144.0,26337.0,20660.0,66160,37758.5,68741.0,75695,41891.0,29844.5,169918,24598.5,8658.5,172706,81539.0,28526.5,47058.0,23290.5,83793,39267.5,80806,63466,94019,28639.0,70249,137726,25259.5,163543,116086,33799.0,29987.0,35178.0,69225,1094269,39923.5,59404,44564.5,177643,37757.5,50829.0,116706,76855,88175,48981.0,16106.0,47948.0,80363,30123.0,41163.5,39380.0,60966,58094.0,33822.5,129689,227932,228316,45242.5,123079,132758,150938,103682,27905.5,37153.0,24349.0,31380.5,48537.0,28647.0,17735.0,18179.5,20722.0,67308,29670.5,76795,76467,30412.0,11693.0,40806.5,44474.0,13088.0,52695.5,33216.5,69444,34206.0,25262.0,9805.5,20969.5,55294,34948.5,32903.0,71861,28450.5,12784.0,25038.5,44775.5,64284,43451.5,52997.0,18700.5,129463,19535.5,31125.0,35406.5,37691.5,132189,43035.5,72422,21304.0,78717,61450,56608,72488,33894.0,92094,27209.5,68872.5,43214.5,15886.5,82539,20476.5,57039.0,25907.5,77223,128194,75822,24896.5,80800,33239.0,27350.5,27126.5,55261.5,129311,4561.5,60179,49800.5,33899.0,98014,91950,220084,17389.5,31665.0,264378,34935.0,10485.0,40947.0,161741,83494,59887.0
2016-07-24,115121,181907,117252,25131.5,65568,90026,193892,78582,14371.0,440154,112504,76446,317908,560157,207914,51603.0,32903.0,38258.5,63157,25427.0,114142,48205.0,94096,31308.5,41934.5,65964,35183.5,72879,42856.5,124761,28871.5,35292.0,23106.0,46267.5,87388,36563.0,36819.5,9253.5,10895.5,15982.0,21477.0,609116,53615,28559.0,25293.5,34622.5,20142.0,268320,33333.5,165133,54648.5,653782,926897,100205,60075,220373,38570.5,52045.0,80907,295146,134424,113832,245208,115445,11600.0,84151,150580,412408,355695,30494.5,102376,92532,21542.5,110760,49921.5,206651.5,37773.5,270822,18582.5,19923.5,216227,129790,211357,79788,87949,536303,34266.0,96792,403657,25810.0,14738.0,28671.0,7946.5,16116.0,7913.5,33186.5,28760.5,15554.5,13407.5,64710,13575.0,17744.5,118457.5,44575.0,18939.5,3038.5,10388.5,5485.5,4017.5,14337.5,16687.5,10875.0,6824.0,161128,45852.0,75093,18055.5,24239.0,77438,7760.5,19654.0,158580,1807.0,40544.5,93615.0,74897,13654.5,34188.5,117950,18643.5,58701,11108.5,400896,55404,36856.5,20389.0,325141,19364.0,76036,207144,89735,37710.0,37129.5,24858.5,19522.5,61961,36203.5,85905.0,72721,40945.5,29031.0,148524,22685.5,8203.0,165582,79526.5,26367.5,44899.5,20701.0,80388,36807.5,79427,59902,93582,28000.5,67681,133804,23507.5,155726,111273,30807.5,27922.0,33077.5,63997,481624,38340.0,54936,39888.0,172528,37094.0,48117.5,142043,72604,80067,50071.5,15958.5,37638.5,78442,29076.5,39697.0,38476.0,57176,46705.5,30395.5,125675,222865,218129,42765.0,121568,129159,141744,98752,26871.5,35124.0,22527.5,30039.5,101899.0,26242.5,16680.5,18661.0,19196.5,64558,159945.0,74867,71533,28662.0,10845.0,38350.5,41825.5,12930.5,49406.5,31473.5,66893,31280.0,24763.0,8863.5,18638.5,53326,37362.0,26731.5,240676,30449.0,7007.5,28354.0,42584.5,61371,41698.0,50894.0,20401.5,123914,18427.5,30060.0,34929.5,35979.0,112004,40249.0,67112,19970.5,72644,60205,54557,70440,32145.0,89288,25787.5,69795.5,42412.0,15123.0,78536,18687.5,52814.0,24270.0,65710,122241,71981,23280.5,78340,31510.0,26447.0,24009.0,165451.5,129720,4347.5,57809,49289.0,34475.0,92002,86277,216222,20430.0,30539.5,253429,32305.5,9700.0,38219.5,152544,82164,61622.0
2016-08-21,108818,176801,117993,25272.5,63610,93479,192261,73741,14269.0,431983,111089,69145,303750,540218,200649,45521.5,32368.5,37653.5,61717,25379.5,110903,47489.5,91421,30648.5,42037.0,74717,34122.0,70971,40962.0,121614,28175.0,34643.0,26148.0,44778.5,85031,35385.0,35286.0,9304.5,11084.0,15585.0,21602.0,586933,51052,28045.5,23287.0,36848.5,19821.5,260484,31314.0,161019,52836.0,629725,909246,97118,58846,220109,37689.0,49499.0,79372,302192,129979,116179,239536,111683,10973.5,86895,147472,401761,342826,28318.0,100946,89208,20680.5,105998,48493.0,197135.5,38304.5,262169,18601.5,19149.5,210669,124570,214256,88138,90627,544386,34168.5,97908,382645,24840.5,14851.5,27867.5,8367.5,15294.0,7796.5,31781.0,27985.5,15349.0,13079.5,62875,13276.0,18241.0,117421.0,43726.5,20201.0,2569.5,10349.5,5506.0,4017.5,14291.0,16845.0,9025.0,5759.0,152606,44843.5,77116,17382.0,24279.5,76012,7458.0,19477.0,168119,1831.5,40820.0,92795.5,70256,13067.0,34057.5,112106,17913.0,58305,11020.5,388132,55361,35588.0,20768.0,315287,18983.0,72189,202948,91842,35914.0,35869.5,25431.0,19027.0,60693,34889.5,90819.5,73707,39010.5,28746.5,151741,22363.5,7942.0,158327,75727.5,25561.0,44118.0,21052.0,77767,36718.0,76028,58936,96465,27747.5,66774,130829,23664.0,151089,107720,30999.0,28153.5,33329.0,60962,491309,37295.5,53436,38137.0,169605,36626.5,48101.0,112317,73849,81224,51317.5,14931.0,38262.5,74990,29112.5,39739.5,38434.0,54899,52969.5,31379.0,123728,219021,214313,41658.0,120134,126626,137604,96953,25793.5,34038.5,22850.5,29547.5,50234.5,25148.5,16662.5,19418.0,18853.0,63308,28913.0,75621,71148,31570.0,10651.0,36049.5,39567.5,14155.0,48036.0,30896.0,65369,31456.5,24437.0,8855.5,18294.0,51686,32479.5,25321.0,79293,32052.5,11445.0,25103.5,41895.5,59691,39978.0,50368.0,19927.0,121547,18044.5,29746.5,33967.0,40904.0,113102,38377.5,64365,19762.5,72906,57943,53536,70961,32016.0,90897,25412.5,65329.0,41810.5,15861.0,77189,18495.0,53797.0,24891.5,79980,120198,70273,18846.5,74124,30788.0,25532.5,24294.0,45869.5,441667,4325.0,56742,48763.0,32965.0,91018,84727,205831,18339.5,30109.0,250957,32550.0,9670.5,37717.5,149008,83972,60469.5
2016-09-18,104276,165709,116745,25446.5,62694,92596,202475,75267,13699.0,428693,110920,76323,316974,514708,213014,41331.0,31390.0,36415.5,62013,24862.5,109676,48285.0,89264,30130.5,40119.5,71461,33026.5,69625,39008.5,122198,27536.0,34204.5,25963.0,44325.5,81808,34478.5,35983.0,9520.5,10141.0,17284.5,23158.0,565450,51406,27442.0,23963.0,34706.5,20332.5,247827,31502.5,152838,48165.5,597566,859599,95473,57082,203063,37309.5,48672.0,78320,273455,121701,108053,226006,102837,11090.5,78820,141502,386920,345939,27694.5,99802,87234,20334.5,102060,45949.0,186832.0,36033.5,249126,18304.5,18850.0,199427,115676,215051,77439,93953,524074,33088.0,97975,382813,20805.0,14891.0,28593.5,8309.0,17036.0,8573.0,32016.5,28505.0,15285.5,12999.0,63635,13074.0,17036.5,117556.0,43149.0,18123.0,2468.0,10339.0,5364.0,3895.0,14136.5,16739.0,8567.5,5204.5,150548,44637.0,75274,16107.5,24008.5,72336,8386.0,19138.0,166500,1810.5,37087.0,93827.5,69618,13425.5,33436.0,106442,18518.5,62150,10951.0,399515,53878,35631.0,19776.0,315721,18903.0,67926,201767,84335,33616.0,26550.5,26123.5,19082.5,63186,33554.5,97099.0,69613,39491.5,27949.5,144625,21439.5,7548.0,158795,76176.0,25551.5,47671.5,19643.5,76475,1205882.0,73339,61511,91855,27724.5,62521,126525,23566.0,146549,118868,27832.0,25386.0,32593.5,67502,507704,37141.5,52248,38868.5,159814,36085.5,46853.5,112650,67326,79907,48359.5,13785.5,47767.0,68402,165882.0,34110.0,36444.5,55841,49651.0,30362.5,120540,217709,221723,41025.0,117391,123985,136638,96799,27081.0,33781.5,22607.0,28819.5,124619.5,25031.5,15888.0,17844.0,18397.5,59091,30382.0,78154,69569,65345.0,10375.0,36387.0,41111.5,11985.5,47483.0,30029.5,66205,31647.0,25722.5,9069.0,18578.5,53095,38703.0,27815.0,78198,31448.0,4483.5,27128.5,41807.5,59626,39553.0,49097.5,19792.5,120256,19565.0,26503.5,31544.0,34828.5,105253,38257.0,68573,21516.5,70032,59131,50010,70092,31004.5,81967,25640.0,72119.5,44823.0,15813.5,75911,18297.0,52404.0,24565.0,78840,114355,68360,22153.5,72258,31331.0,24992.5,23028.5,40489.0,105881,4172.0,55381,42407.0,30408.0,88922,82086,198794,16625.0,29893.0,220756,33134.5,9138.5,36958.5,146350,78931,55574.0
2016-10-16,121149,192428,125837,28079.5,76064,105075,204491,96100,15336.5,474731,109021,87537,335717,578749,228342,40215.0,37206.0,41660.5,68285,27460.0,121194,53668.5,100307,31948.0,44471.5,72220,38555.5,73716,47593.0,127289,30494.0,38694.5,23783.0,51806.0,92063,37212.0,41835.0,10164.5,12648.5,20177.0,25842.0,648942,57709,31277.5,27013.0,40671.0,22315.5,278316,36063.5,171096,72106.0,630877,938481,114197,65244,8592898,41445.5,53273.5,85629,295858,130052,111626,260178,117434,11974.5,85596,157275,449140,390771,30146.0,109562,93331,21250.0,131646,51959.0,210575.5,40407.5,280646,19852.0,18841.0,234279,136104,225373,80674,98999,614705,36102.5,105260,447168,21100.0,16390.0,32244.5,10167.0,18390.0,9023.5,35086.0,34573.0,15965.0,13275.0,67603,13856.5,19773.0,125122.0,49677.0,21553.5,1649.5,11995.0,5874.5,4366.0,15341.5,15264.5,5595.5,3391.5,166080,50717.0,89084,466908.0,26274.0,99705,9998.0,20998.5,178312,1898.5,39371.0,106170.5,75440,15658.5,37944.5,123240,21027.5,68051,12356.5,416637,66311,41011.0,22603.0,361584,20597.0,72309,223380,85076,37476.0,35403.0,29912.5,21512.0,74185,36879.5,107139.0,83220,43112.5,31602.5,170113,24203.0,8843.0,185135,81466.0,29961.5,52161.0,23041.5,85018,40047.5,71022,65231,107129,29595.0,70343,142208,26019.5,162041,120009,33426.0,28126.5,36991.0,70315,552337,41011.0,60346,44606.5,174129,40186.5,52434.5,116880,75712,89338,51527.0,15014.5,40293.0,79252,29866.0,40820.0,39943.5,63061,64968.5,33821.0,133156,238188,248791,45678.0,126163,134335,152530,109940,28607.0,38643.0,25889.0,32046.0,33633.0,29324.0,17695.5,20269.5,21613.0,66443,34056.0,88366,79622,25535.5,12367.0,41170.0,45926.5,13135.0,55082.0,34199.5,72835,35397.5,26637.5,9966.5,21422.5,60807,38591.5,33192.5,83578,30051.0,7529.5,31093.5,45961.0,65556,42083.0,53953.5,22167.0,132355,19443.5,29792.5,33725.0,39787.0,115845,42050.0,72332,23201.5,78881,61470,65883,79824,34951.5,99782,25980.5,67528.5,48118.5,17014.0,84572,20311.0,55389.0,27728.5,83907,128905,78853,25216.5,77157,33580.5,26217.5,26614.0,82902.0,104812,4873.0,60719,42375.5,35817.0,99417,92719,224572,11727.5,31896.5,258895,39078.0,11431.5,41338.0,162949,88771,65442.0
2016-11-13,127518,205393,126005,28083.5,77909,101368,217256,96926,15183.0,495925,124995,92298,354614,598232,241976,42331.0,38314.5,42582.5,70344,27691.5,124548,54505.5,102166,33655.0,46461.0,64897,39343.0,75079,48031.0,131882,31330.5,39665.5,24207.5,55016.5,94606,37841.5,44396.0,10713.0,14440.5,20900.0,27074.5,698330,58725,32042.0,26632.0,41540.0,23521.5,285923,37650.0,174774,77140.5,650426,965065,109552,67123,220521,52865.5,56114.0,87024,327088,143956,114530,277890,122752,12151.0,83725,164878,473674,412545,32468.0,106770,98502,22345.5,139045,54827.5,222229.0,41250.0,295622,19880.0,20958.0,243777,141587,227776,83895,96389,636429,36709.5,105242,455498,21446.5,16148.5,32885.0,10834.0,19904.5,9442.0,36064.5,35078.0,16358.0,13902.0,67718,15216.5,20222.5,127031.5,51392.0,22170.5,1681.0,12444.5,5912.5,4409.0,15613.5,15047.0,5287.5,3397.5,172172,52589.0,93698,18615.0,26918.5,102729,10748.5,21235.0,167343,1893.0,41557.0,106265.0,79530,16335.5,38326.0,131832,21366.5,70429,12897.5,408845,70086,39920.0,22654.5,381836,20575.5,77421,227910,88926,39618.5,36429.0,31166.0,21799.5,76246,38485.0,111063.5,87700,49883.5,31908.5,194297,24453.5,8955.5,192193,84947.5,30116.0,51845.5,23796.0,87236,41213.5,82424,66766,99006,29609.0,69423,145711,26026.0,164299,125068,33778.5,30400.5,36725.5,71789,559448,41633.5,63808,46302.5,180860,40159.5,54398.0,128976,77286,91177,51937.0,15248.5,50608.5,81233,22557.5,44268.0,39775.5,63321,47102.5,34934.0,134156,242083,261565,46495.0,121941,137243,153354,109986,30467.0,39511.5,25646.0,32589.5,43429.0,29680.0,18406.0,20620.5,21515.0,67023,34184.5,81443,80088,16119.5,12301.5,43391.5,49381.5,13302.5,56247.5,34470.5,72269,35969.5,26930.5,11138.5,21972.5,64880,38263.5,31928.0,83081,61144.0,4567.5,27649.0,47093.0,66410,43742.0,54924.0,22186.5,136120,20067.0,31758.0,34297.5,40676.5,114052,43376.0,73439,24864.0,82002,63397,66715,81565,35889.0,93483,25943.5,73138.5,48020.5,16930.0,85815,20910.0,57862.0,28171.0,75957,133698,75038,25999.0,83633,34741.0,26779.0,29204.5,41090.0,620413,6485.0,63121,44894.5,38061.5,101731,94583,231977,12358.0,32510.5,259610,39033.0,11216.0,42546.5,162216,88433,62198.5
2016-12-11,136984,197654,129438,28179.5,79655,103261,212428,88616,14975.0,495773,128447,88392,373779,557902,249318,46999.0,37152.5,41437.0,67678,27564.0,129874,57100.0,103889,34574.5,44515.5,75117,40617.5,76541,53018.0,140539,33428.5,39332.0,26652.0,56766.5,103791,37070.0,44139.0,10088.0,13010.5,19882.5,26758.0,751283,62403,30991.5,26847.5,41325.5,23860.0,283634,43329.5,162946,80413.0,757064,1061409,105540,66415,254758,43393.5,54726.5,87335,358938,147078,104553,302666,122429,13564.0,79089,186413,486373,460754,36432.5,94572,103747,22260.5,131663,57061.0,217643.5,39096.5,280359,20391.5,22182.0,238967,136637,212496,76402,99062,665449,36701.5,107356,438637,21972.0,15401.0,32422.5,11486.0,20036.5,9542.0,38187.5,38546.0,16590.0,13941.0,66130,14839.5,19941.5,127803.5,52266.5,21644.0,1657.5,12559.0,6001.5,4422.0,15438.5,15050.5,4921.0,3176.5,171427,53766.5,91082,18071.0,28098.5,98652,10018.0,22057.0,174052,1731.5,39294.5,106883.5,80077,15829.5,37738.5,130202,20878.5,72656,13420.5,393845,72957,42894.5,22278.5,408885,19753.5,80760,234341,87191,37815.0,36171.5,31613.0,20840.0,74563,37915.0,91980.0,88672,52589.5,30653.0,198409,24222.5,9394.0,201006,87366.0,29719.0,47089.5,23963.0,92421,40682.5,83638,68957,100175,31014.5,68067,154698,25945.0,164223,125231,31988.5,29747.0,36205.0,70533,534163,40059.0,65535,48283.0,193559,41156.0,57092.5,158523,77621,90778,49416.0,14299.0,51389.5,77566,18361.0,48398.5,40488.0,61657,50091.0,33551.0,137913,254804,280216,48893.0,120671,139814,159824,109978,29959.5,39844.5,24793.5,30709.5,53090.0,28008.0,18645.0,20435.5,21207.5,64735,37412.0,78846,77783,16135.5,11827.0,44088.0,49333.5,13161.0,53687.5,35070.5,69969,35214.5,27569.0,10037.0,21398.5,64609,39003.0,33532.5,115378,29490.5,1517.5,27998.0,45991.0,65011,43105.0,53801.5,21408.5,140548,20388.5,32642.0,29963.5,41634.5,111113,42404.5,71582,26138.0,81295,64050,65826,81360,34844.0,96180,18406.0,74796.0,47111.5,16736.0,83882,20541.5,55296.5,28835.5,76966,139477,82263,26648.0,88684,36307.5,27133.5,28023.5,375993.0,119263,4639.5,62402,46924.5,39524.0,97727,95294,211459,11253.5,31453.5,264440,40794.5,12022.5,42022.5,162907,88566,56612.5
2017-01-08,124271,177050,119909,24887.5,72313,94741,195140,57250,13790.0,453682,115740,71154,331190,527764,216973,39007.5,33040.0,38267.0,61841,25728.0,119533,49639.0,94013,31526.0,41983.5,74065,37071.5,69681,46834.5,132187,30624.5,37316.5,25946.5,52029.0,99568,34432.5,39556.0,8216.0,10844.0,18774.5,26267.0,607914,57346,28539.0,22879.5,35436.5,21015.5,241211,38822.5,147608,54178.0,733438,34225019,97060,61451,227841,59415.5,49399.5,80374,385590,139466,97561,293020,123860,12662.0,76260,168288,434764,398188,31601.5,92132,96522,20680.5,119466,52201.5,200469.5,36802.5,254985,19134.5,20167.0,199990,128813,199070,84178,91759,571474,33059.5,100081,422328,18458.5,13714.5,29907.0,10161.0,16617.0,8526.0,35381.5,35230.0,14733.0,12475.5,60911,13175.0,17930.0,117086.5,47454.0,19993.5,1356.5,11295.0,5678.0,4158.0,13948.0,13780.5,4489.0,2751.5,156402,49122.5,83154,17992.5,24840.0,90146,8663.0,21264.0,160216,1517.0,34697.5,94969.5,65901,13482.0,34794.0,102465,19329.0,63842,12353.5,395694,64675,38990.0,19400.0,314795,18016.5,73635,209910,78533,32405.5,30632.5,28461.0,18523.0,76994,37082.0,87663.5,68042,44774.0,27649.5,178790,22029.0,8418.5,177497,81080.5,26997.0,43328.5,21084.0,87312,37559.5,79451,61933,83289,28497.5,61424,135000,22917.5,147415,110991,27376.0,28060.5,31993.5,56314,504914,36370.0,58844,41989.5,187977,36994.0,51877.0,101417,69772,83475,43775.5,13165.0,47021.0,66661,21459.0,46543.0,34439.5,56237,49291.5,32880.5,121517,220384,222357,39029.5,111804,125341,142685,95379,28164.5,37030.5,22016.0,29411.5,103467.5,26301.5,16743.0,18255.0,18970.5,58117,34704.0,69935,72497,11729.5,11051.5,41577.5,44854.0,12012.0,47522.5,31901.0,63667,32627.0,25173.0,9052.0,19520.5,56973,35900.5,28134.5,75323,25058.5,4051.0,23465.0,41073.5,56806,39822.0,48463.0,19239.0,127119,19605.5,27862.0,31486.0,37907.5,272055,40624.0,64656,22025.5,76962,56128,54604,69393,32491.5,85264,20964.0,67896.0,41488.5,15185.0,73588,18341.0,52710.0,26597.5,83528,139025,67605,24848.5,84013,33589.5,25088.5,25524.5,38005.0,102394,6211.0,56375,39614.5,34665.5,87797,85313,183570,10801.0,28515.0,224326,35398.5,10844.0,36847.5,154430,88223,50289.0
2017-02-05,126306,182844,123270,25609.5,73775,95930,197822,82697,13316.5,474685,119973,74665,350613,535827,218908,45110.5,36750.0,38189.0,64069,25858.5,120275,50529.0,93609,33063.0,42977.5,76797,36176.5,72234,49972.5,136238,31353.5,38309.0,27653.5,52720.0,92154,36297.0,40913.0,9893.5,12091.0,19060.5,24983.5,645275,58599,29297.0,25188.5,38863.5,22201.0,262029,41347.0,152967,66924.5,707211,940831,104597,61459,227776,41702.5,51036.0,79734,324044,125545,88805,277049,121582,12983.5,73087,193969,424098,399516,28421.0,97473,97872,20784.0,120695,54609.0,211971.5,39169.5,258206,19369.5,21977.5,187637,129132,191728,63763,94750,523525,32898.0,102528,378467,22985.0,12967.5,30480.0,10905.5,16867.0,9123.5,35586.5,35665.5,15380.0,13433.5,62381,14144.0,18507.5,121083.5,47450.5,21210.0,1435.5,11485.0,5823.5,4291.0,14265.5,13896.0,4475.0,2859.5,162018,52718.5,81471,19150.5,25815.5,95045,8649.0,22191.0,152049,1725.0,39078.5,101065.5,70420,14792.5,36298.0,107767,20300.5,63571,12620.0,379947,68874,40681.0,20137.5,375239,18692.5,80854,215729,88354,38925.5,32255.0,31544.5,17668.0,73233,38721.0,50292978.5,85339,42723.5,26220.5,191843,23283.0,8048.0,191683,82890.5,27890.5,43581.5,21912.5,78198,38302.0,79200,64574,93675,28906.0,64687,140554,23980.0,152065,116263,30592.0,28764.0,33647.5,65907,492519,37914.0,62944,44548.5,198650,37902.5,57160.5,199074,73768,85507,47441.5,15037.0,49145.0,76551,20486.0,44329.5,40394.5,58936,52493.0,33609.5,127038,234827,235907,44913.5,611410,129485,147865,98918,27649.0,37991.0,22440.0,29421.5,45163.0,25470.0,17624.5,19102.5,20052.0,63049,34351.5,71605,73289,12668.5,11702.0,43124.0,45800.5,13383.0,49375.0,31511.0,67242,33994.0,25919.0,9629.0,20207.5,58142,33441.5,31088.5,76803,30909.5,8926.5,26513.0,42650.0,59973,40563.0,50326.5,18916.0,134416,18667.0,30198.0,34424.5,38072.0,101252,41828.5,66802,23716.0,79326,59645,55820,73383,33079.0,92646,15514.5,65715.5,42737.5,16098.5,78304,19435.0,54207.0,27526.5,63768,129659,70796,25524.0,84657,34573.0,26203.0,26016.0,44726.5,119592,6271.0,58285,48311.0,38527.5,93435,92309,194483,11072.0,29943.5,245768,37477.0,11304.0,39468.0,146119,78773,48111.5
2017-03-05,127897,172588,123344,26695.5,73091,99266,200600,79257,8212.0,461843,121805,81987,343210,533128,230305,46619.5,37013.5,39183.5,56532,26301.5,119970,52193.0,95492,33163.5,43571.0,79677,37129.5,72131,45440.5,133554,31720.5,38314.0,30488.0,47726.5,79509,35260.5,36472.0,10028.0,10980.5,19514.5,25599.5,660757,52946,29735.0,22606.5,38833.5,22816.5,257581,41595.5,150311,60383.0,698482,978967,98852,60844,207992,45059.5,48610.5,78385,292151,130377,91041,277632,116292,13078.0,60203,208222,402581,418728,34122.0,96852,94409,19664.0,114652,53485.0,204776.0,37153.5,256531,19809.5,20165.5,177647,124776,205686,68252,93597,506371,33250.0,103471,373648,26520.5,13744.0,29030.0,10524.5,20128.5,8635.0,37150.5,36623.5,15080.0,13564.0,64297,13762.5,18552.0,122214.0,49447.0,20942.0,1451.5,11717.0,5912.0,4337.5,14602.0,14118.5,4554.0,2909.5,167697,52932.5,85479,19405.5,26424.0,92758,8833.0,24700.5,152069,1605.0,38339.0,101977.0,68943,15136.5,36142.0,113492,20202.0,67208,13225.5,420319,68012,40677.0,21120.0,367464,18547.5,71421,222499,107083,41646.0,34773.0,31820.5,18942.5,71917,38558.0,93537.5,77420,46529.5,24436.5,194324,22729.0,8533.5,196543,81370.5,27962.0,43016.5,21769.0,73676,38461.0,75960,64812,94546,29091.5,65641,143928,24295.0,153306,119480,27947.0,28933.0,34127.5,66211,480211,37809.0,62405,43601.0,163162,38231.5,58970.0,120660,73227,86601,46096.5,15357.5,51815.5,71764,19381.5,45621.0,38404.5,58446,66936.5,34308.0,126336,230689,255630,46782.5,152335,130080,147952,102698,29091.0,38919.0,22809.0,30024.5,84757.5,26906.5,16936.5,18998.5,20094.0,63302,33285.0,73455,74926,13938.5,11610.5,43018.0,47172.0,12962.5,48786.5,32574.0,67190,34276.5,26873.5,9121.5,20164.0,59456,36364.0,32003.5,92108,29379.5,1278.0,31520.0,43418.5,60159,38622.5,51132.5,19989.5,134931,19288.0,30909.0,34532.0,38723.5,104953,41124.5,67857,25150.0,79564,60553,56643,72816,34336.0,89982,17695.5,178201.5,42943.0,15989.0,78275,19162.5,54885.5,27208.5,67001,139706,69899,25484.0,83520,35258.0,24654.0,26492.5,52486.0,125282,8566.0,58339,46476.5,38717.5,97388,90145,225725,12265.0,30025.5,250566,37375.0,11243.0,39714.0,144621,82687,44099.5
2017-04-02,123691,182133,123117,20739.0,72451,102508,210248,87457,6112.5,473615,122532,87563,333690,573633,227109,59999.5,37577.0,40464.0,65106,28423.0,115678,52721.5,93066,35602.5,44795.0,77241,31108.0,71082,47302.5,140402,34560.5,32233.5,28976.5,51808.0,93781,37321.0,39222.0,11246.0,11950.5,20333.0,26492.5,659404,56410,30916.5,25485.5,41442.0,21936.5,276495,35612.5,161358,70707.5,666837,945448,108204,59612,206722,47235.0,53632.5,77326,311486,137226,91412,267688,108891,13672.5,76134,182822,392555,381549,29701.0,100195,96016,21639.0,121646,55275.5,223915.0,40861.0,270459,17124.5,21704.5,183663,132237,207068,76290,90133,488233,34947.0,103131,378293,26072.0,14465.0,32643.5,10946.0,19996.5,8570.0,36971.0,37260.0,14760.5,12667.0,66370,13171.0,19620.5,123893.0,50513.0,21164.5,1555.0,12129.5,5994.0,4407.5,14584.0,14455.0,4919.5,3087.5,162106,53588.0,87395,19119.5,25743.0,83737,9852.0,20576.0,162077,1788.5,40128.5,102208.0,76131,15910.5,37836.5,111048,20659.0,57086,13592.5,401388,66999,39489.0,19174.0,352842,19358.0,73924,228777,118590,40852.5,35733.0,30876.5,18497.0,73560,38678.0,106659.0,84107,54411.0,27313.5,190017,23415.5,8071.0,194136,84989.0,29298.0,49726.5,23154.5,84313,40792.5,782987,65224,165707,28294.5,68380,136754,21786.5,162537,121883,29728.5,30162.5,32929.0,71365,528155,40271.0,61822,42443.5,181642,38801.5,55907.0,117553,76373,90515,48700.0,16458.0,38660.0,77223,20216.5,44191.0,36947.0,61148,58065.0,35844.0,130869,231268,248736,46346.5,300714,130810,153325,109802,27655.0,39194.0,20366.0,31998.0,54653.0,27867.5,17708.5,19005.5,21060.5,66668,32447.0,78334,73156,14997.5,12187.5,42972.5,45681.0,13127.0,42893.0,27171.5,72997,35560.5,27634.5,9383.0,21378.0,57228,33531.0,33133.0,95433,33182.0,5553.5,53393.5,44877.0,63175,42323.5,55026.5,19239.0,132090,19598.5,31016.5,35191.0,40507.0,109095,42013.5,71731,25029.0,81002,60895,68070,79897,36004.0,92216,15162.0,69530.0,46454.5,14156.5,84274,20524.0,57574.0,26890.0,76265,123437,75418,25493.0,84759,34355.5,27623.5,26655.5,55864.0,153808,4440.0,64075,49893.5,35572.5,97800,74937,220394,12162.5,31247.0,253086,37847.5,11530.5,41504.5,154080,90749,58576.0
2017-04-30,123433,13726754,124461,20518.0,71919,106670,214144,96050,5501.0,473556,123593,89524,341932,583494,225092,84595.0,38501.0,41034.0,67742,28370.0,117587,53088.0,95388,33491.0,44876.0,78433,36501.0,70375,47098.0,141165,32163.0,37429.0,28353.0,51301.0,94638,35602.0,39715.0,10961.0,12051.0,21349.0,27307.0,667586,57839,31270.0,27190.0,42009.0,21156.0,279395,36195.0,167521,71920.0,671570,871132,123437,63328,208079,48555.0,53640.0,81499,302158,129734,99599,261722,114216,13073.0,84551,187926,413550,398213,33075.0,104597,92975,21521.0,132445,54658.0,197046.0,40331.0,281809,17905.0,21156.0,191826,136262,195751,85153,93444,505547,35363.0,104529,392905,27887.0,14547.0,32942.0,11025.0,20474.0,10082.0,37807.0,37319.0,16619.0,15180.0,67349,15001.0,19428.0,114157.0,50163.0,23506.0,1550.0,12015.0,6009.0,4336.0,14676.0,14503.0,5075.0,3031.0,165743,53788.0,90622,20093.0,26676.0,82835,9895.0,21334.0,151122,1866.0,42515.0,104042.0,76260,16018.0,38471.0,116795,20912.0,64309,13355.0,428635,68949,40888.0,19382.0,361097,19963.0,81943,223934,639278,40913.0,34827.0,31369.0,20204.0,74715,39366.0,118812.0,86051,44823.0,29625.0,185407,23917.0,8872.0,196599,86263.0,30419.0,46282.0,23689.0,85153,41337.0,78797,65330,95694,28523.0,70113,139251,21993.0,165211,121339,32943.0,29396.0,31360.0,70446,540378,41379.0,61034,45055.0,151280,38875.0,56375.0,120140,78699,91048,49479.0,16968.0,48092.0,81715,22507.0,44303.0,41016.0,63260,58251.0,33574.0,132769,230108,252615,45272.0,159108,133447,153453,110305,28146.0,39414.0,20862.0,33434.0,31623.0,29284.0,17708.0,19116.0,22279.0,68842,50371033.0,81371,73989,110920.0,12365.0,42548.0,45227.0,14781.0,51700.0,31655.0,75737,36151.0,27281.0,10618.0,21665.0,56973,37137.0,4352604.0,100833,28179.0,7110.0,34447.0,46393.0,65971,41486.0,54746.0,20774.0,131900,20240.0,31356.0,37220.0,40691.0,345053,41786.0,74496,24723.0,75144,64774,66304,75515,37653.0,98144,3105665.0,71933.0,47482.0,14033.0,85344,20708.0,55804.0,27659.0,84581,124866,70872,25365.0,80549,35384.0,3907030.0,27852.0,59050.0,148567,8942.0,62122,77991.0,33123.0,100862,88367,230229,12359.0,31463.0,243741,37858.0,11498.0,43295.0,159173,84979,61159.0
